<?xml version="1.1" encoding="UTF-8"?>

<channel name="pointers" version="1.0">
  <property name="DisableTouchpadWhileTyping" type="bool" value="false"/>
  <property name="SYNA309100_06CB82F5_Touchpad" type="empty">
    <property name="Properties" type="empty">
      <property name="Synaptics_Tap_Action" type="array">
        <value type="int" value="0"/>
        <value type="int" value="0"/>
        <value type="int" value="0"/>
        <value type="int" value="0"/>
        <value type="int" value="1"/>
        <value type="int" value="3"/>
        <value type="int" value="2"/>
      </property>
      <property name="libinput_Tapping_Enabled" type="int" value="1"/>
    </property>
  </property>
  <property name="SynPS2_Synaptics_TouchPad" type="empty">
    <property name="Properties" type="empty">
      <property name="Synaptics_Tap_Action" type="array">
        <value type="int" value="0"/>
        <value type="int" value="0"/>
        <value type="int" value="0"/>
        <value type="int" value="0"/>
        <value type="int" value="0"/>
        <value type="int" value="0"/>
        <value type="int" value="0"/>
      </property>
      <property name="libinput_Tapping_Enabled" type="int" value="0"/>
    </property>
  </property>
  <property name="ELAN07A300_04F33245_Touchpad" type="empty">
    <property name="Properties" type="empty">
      <property name="Synaptics_Tap_Action" type="array">
        <value type="int" value="0"/>
        <value type="int" value="0"/>
        <value type="int" value="0"/>
        <value type="int" value="0"/>
        <value type="int" value="1"/>
        <value type="int" value="3"/>
        <value type="int" value="2"/>
      </property>
      <property name="libinput_Tapping_Enabled" type="int" value="1"/>
    </property>
  </property>
</channel>
