<?xml version="1.1" encoding="UTF-8"?>

<channel name="xfce4-screensaver" version="1.0">
  <property name="lock" type="empty">
    <property name="sleep-activation" type="bool" value="false"/>
  </property>
  <property name="saver" type="empty">
    <property name="mode" type="int" value="2"/>
    <property name="themes" type="empty">
      <property name="list" type="array">
        <value type="string" value="screensavers-xfce-floaters"/>
      </property>
    </property>
  </property>
  <property name="screensavers" type="empty">
    <property name="xfce-floaters" type="empty">
      <property name="number-of-images" type="int" value="15"/>
      <property name="arguments" type="string" value="-n &apos;15&apos; -p -s"/>
      <property name="show-paths" type="bool" value="true"/>
      <property name="do-rotations" type="bool" value="false"/>
      <property name="print-stats" type="bool" value="true"/>
    </property>
  </property>
</channel>
