<?xml version="1.1" encoding="UTF-8"?>

<channel name="xfce4-desktop" version="1.0">
  <property name="last-settings-migration-version" type="uint" value="1"/>
  <property name="backdrop" type="empty">
    <property name="screen0" type="empty">
      <property name="monitoreDP-1" type="empty">
        <property name="workspace0" type="empty">
          <property name="last-image" type="string" value="/usr/share/backgrounds/xfce/xfce-blue.jpg"/>
        </property>
      </property>
    </property>
  </property>
</channel>
