<?xml version="1.1" encoding="UTF-8"?>

<channel name="xfce4-panel" version="1.0">
  <property name="configver" type="int" value="2"/>
  <property name="panels" type="array">
    <value type="int" value="3"/>
    <property name="dark-mode" type="bool" value="true"/>
    <property name="panel-3" type="empty">
      <property name="position" type="string" value="p=8;x=412;y=1058"/>
      <property name="size" type="uint" value="42"/>
      <property name="plugin-ids" type="array">
        <value type="int" value="10"/>
        <value type="int" value="20"/>
        <value type="int" value="22"/>
        <value type="int" value="11"/>
        <value type="int" value="12"/>
        <value type="int" value="14"/>
        <value type="int" value="15"/>
        <value type="int" value="16"/>
        <value type="int" value="17"/>
        <value type="int" value="18"/>
        <value type="int" value="19"/>
        <value type="int" value="21"/>
      </property>
      <property name="length" type="double" value="100"/>
      <property name="position-locked" type="bool" value="true"/>
      <property name="icon-size" type="uint" value="26"/>
      <property name="enable-struts" type="bool" value="true"/>
      <property name="length-adjust" type="bool" value="false"/>
      <property name="background-style" type="uint" value="0"/>
      <property name="border-width" type="uint" value="0"/>
    </property>
  </property>
  <property name="plugins" type="empty">
    <property name="plugin-20" type="string" value="tasklist">
      <property name="flat-buttons" type="bool" value="false"/>
      <property name="show-handle" type="bool" value="true"/>
      <property name="show-labels" type="bool" value="true"/>
      <property name="window-scrolling" type="bool" value="false"/>
      <property name="show-wireframes" type="bool" value="false"/>
      <property name="grouping" type="bool" value="true"/>
    </property>
    <property name="plugin-22" type="string" value="separator">
      <property name="expand" type="bool" value="true"/>
      <property name="style" type="uint" value="0"/>
    </property>
    <property name="plugin-10" type="string" value="whiskermenu">
      <property name="view-mode" type="int" value="2"/>
      <property name="launcher-icon-size" type="int" value="2"/>
      <property name="launcher-show-tooltip" type="bool" value="false"/>
      <property name="launcher-show-description" type="bool" value="false"/>
      <property name="show-command-shutdown" type="bool" value="true"/>
      <property name="show-command-restart" type="bool" value="true"/>
      <property name="default-category" type="int" value="0"/>
      <property name="button-icon" type="string" value="void-logo-notext"/>
      <property name="position-categories-alternate" type="bool" value="true"/>
      <property name="position-search-alternate" type="bool" value="true"/>
      <property name="position-commands-alternate" type="bool" value="false"/>
      <property name="profile-shape" type="int" value="0"/>
      <property name="position-categories-horizontal" type="bool" value="false"/>
      <property name="launcher-show-name" type="bool" value="true"/>
      <property name="recent" type="array">
        <value type="string" value="xfce4-terminal-emulator.desktop"/>
        <value type="string" value="firefox.desktop"/>
        <value type="string" value="emacs.desktop"/>
      </property>
    </property>
    <property name="plugin-11" type="string" value="pager"/>
    <property name="plugin-12" type="string" value="separator">
      <property name="expand" type="bool" value="false"/>
      <property name="style" type="uint" value="0"/>
    </property>
    <property name="plugin-14" type="string" value="systray">
      <property name="known-legacy-items" type="array">
        <value type="string" value="networkmanager applet"/>
        <value type="string" value="wi-fi network connection “wg-iot” active: wg-iot (78%)"/>
      </property>
      <property name="known-items" type="array">
        <value type="string" value="steam"/>
      </property>
      <property name="icon-size" type="int" value="0"/>
      <property name="single-row" type="bool" value="false"/>
      <property name="hide-new-items" type="bool" value="false"/>
      <property name="square-icons" type="bool" value="false"/>
      <property name="menu-is-primary" type="bool" value="false"/>
      <property name="symbolic-icons" type="bool" value="false"/>
    </property>
    <property name="plugin-15" type="string" value="separator">
      <property name="expand" type="bool" value="false"/>
      <property name="style" type="uint" value="0"/>
    </property>
    <property name="plugin-16" type="string" value="notification-plugin"/>
    <property name="plugin-17" type="string" value="power-manager-plugin"/>
    <property name="plugin-18" type="string" value="pulseaudio">
      <property name="enable-keyboard-shortcuts" type="bool" value="true"/>
      <property name="rec-indicator-persistent" type="bool" value="false"/>
    </property>
    <property name="plugin-19" type="string" value="clock">
      <property name="digital-time-font" type="string" value="Sans 12"/>
      <property name="digital-layout" type="uint" value="1"/>
      <property name="show-week-numbers" type="bool" value="false"/>
    </property>
    <property name="plugin-21" type="string" value="separator">
      <property name="style" type="uint" value="0"/>
    </property>
  </property>
</channel>
