<?xml version="1.1" encoding="UTF-8"?>

<channel name="xfce4-power-manager" version="1.0">
  <property name="xfce4-power-manager" type="empty">
    <property name="brightness-switch-restore-on-exit" type="int" value="1"/>
    <property name="brightness-switch" type="int" value="0"/>
    <property name="lock-screen-suspend-hibernate" type="bool" value="false"/>
    <property name="show-tray-icon" type="bool" value="false"/>
    <property name="dpms-on-ac-off" type="uint" value="0"/>
    <property name="dpms-on-ac-sleep" type="uint" value="0"/>
    <property name="dpms-on-battery-off" type="uint" value="0"/>
    <property name="brightness-on-battery" type="uint" value="9"/>
    <property name="dpms-on-battery-sleep" type="uint" value="0"/>
  </property>
</channel>
