<?xml version="1.1" encoding="UTF-8"?>

<channel name="xfce4-panel" version="1.0">
  <property name="configver" type="int" value="2"/>
  <property name="panels" type="array">
    <value type="int" value="1"/>
    <value type="int" value="2"/>
    <value type="int" value="3"/>
    <property name="dark-mode" type="bool" value="true"/>
    <property name="panel-1" type="empty">
      <property name="position" type="string" value="p=4;x=1515;y=1055"/>
      <property name="length" type="double" value="42.916666666666664"/>
      <property name="position-locked" type="bool" value="true"/>
      <property name="icon-size" type="uint" value="16"/>
      <property name="size" type="uint" value="42"/>
      <property name="plugin-ids" type="array">
        <value type="int" value="23"/>
        <value type="int" value="4"/>
        <value type="int" value="5"/>
        <value type="int" value="6"/>
        <value type="int" value="2"/>
        <value type="int" value="7"/>
        <value type="int" value="3"/>
        <value type="int" value="21"/>
        <value type="int" value="8"/>
        <value type="int" value="9"/>
        <value type="int" value="10"/>
        <value type="int" value="24"/>
      </property>
      <property name="length-adjust" type="bool" value="false"/>
    </property>
    <property name="panel-2" type="empty">
      <property name="autohide-behavior" type="uint" value="0"/>
      <property name="position" type="string" value="p=10;x=0;y=0"/>
      <property name="length" type="double" value="14.322916666666666"/>
      <property name="position-locked" type="bool" value="true"/>
      <property name="size" type="uint" value="42"/>
      <property name="plugin-ids" type="array">
        <value type="int" value="11"/>
        <value type="int" value="12"/>
        <value type="int" value="13"/>
        <value type="int" value="14"/>
        <value type="int" value="15"/>
        <value type="int" value="16"/>
        <value type="int" value="17"/>
        <value type="int" value="18"/>
      </property>
      <property name="icon-size" type="uint" value="0"/>
      <property name="length-adjust" type="bool" value="false"/>
    </property>
    <property name="panel-3" type="empty">
      <property name="position" type="string" value="p=8;x=183;y=1049"/>
      <property name="size" type="uint" value="42"/>
      <property name="plugin-ids" type="array">
        <value type="int" value="19"/>
        <value type="int" value="20"/>
        <value type="int" value="22"/>
      </property>
      <property name="length" type="double" value="42.916666666666664"/>
      <property name="position-locked" type="bool" value="true"/>
      <property name="icon-size" type="uint" value="0"/>
      <property name="enable-struts" type="bool" value="true"/>
      <property name="length-adjust" type="bool" value="false"/>
    </property>
  </property>
  <property name="plugins" type="empty">
    <property name="plugin-4" type="string" value="pager">
      <property name="rows" type="uint" value="1"/>
      <property name="wrap-workspaces" type="bool" value="false"/>
    </property>
    <property name="plugin-5" type="string" value="separator">
      <property name="style" type="uint" value="0"/>
      <property name="expand" type="bool" value="false"/>
    </property>
    <property name="plugin-6" type="string" value="systray">
      <property name="square-icons" type="bool" value="false"/>
      <property name="known-legacy-items" type="array">
        <value type="string" value="wi-fi network connection “it hurts when ip” active: it hurts when ip (75%)"/>
        <value type="string" value="wi-fi network connection “it hurts when ip” active: it hurts when ip (69%)"/>
        <value type="string" value="wi-fi network connection “it hurts when ip” active: it hurts when ip (72%)"/>
        <value type="string" value="wi-fi network connection “it hurts when ip” active: it hurts when ip (77%)"/>
        <value type="string" value="wi-fi network connection “it hurts when ip” active: it hurts when ip (73%)"/>
        <value type="string" value="wi-fi network connection “it hurts when ip” active: it hurts when ip (71%)"/>
        <value type="string" value="wi-fi network connection “gastnat skovde kommun” active: gastnat skovde kommun (53%)"/>
        <value type="string" value="wi-fi network connection “gastnat skovde kommun” active: gastnat skovde kommun (54%)"/>
        <value type="string" value="xfce4-power-manager"/>
        <value type="string" value="wi-fi network connection “gastnat skovde kommun” active: gastnat skovde kommun (43%)"/>
        <value type="string" value="wi-fi network connection “gastnat skovde kommun” active: gastnat skovde kommun (48%)"/>
        <value type="string" value="no network connection"/>
        <value type="string" value="wi-fi network connection “it hurts when ip” active: it hurts when ip (76%)"/>
        <value type="string" value="wi-fi network connection “it hurts when ip” active: it hurts when ip (92%)"/>
      </property>
      <property name="icon-size" type="int" value="22"/>
      <property name="hide-new-items" type="bool" value="false"/>
      <property name="single-row" type="bool" value="false"/>
      <property name="menu-is-primary" type="bool" value="false"/>
      <property name="symbolic-icons" type="bool" value="false"/>
      <property name="known-items" type="array">
        <value type="string" value="flameshot"/>
        <value type="string" value="steam"/>
      </property>
    </property>
    <property name="plugin-8" type="string" value="clock">
      <property name="mode" type="uint" value="2"/>
      <property name="digital-time-font" type="string" value="Sans 12"/>
    </property>
    <property name="plugin-9" type="string" value="separator">
      <property name="style" type="uint" value="0"/>
      <property name="expand" type="bool" value="false"/>
    </property>
    <property name="plugin-10" type="string" value="actions">
      <property name="items" type="array">
        <value type="string" value="+lock-screen"/>
        <value type="string" value="-switch-user"/>
        <value type="string" value="+separator"/>
        <value type="string" value="+suspend"/>
        <value type="string" value="-hibernate"/>
        <value type="string" value="-hybrid-sleep"/>
        <value type="string" value="-separator"/>
        <value type="string" value="+shutdown"/>
        <value type="string" value="+restart"/>
        <value type="string" value="+separator"/>
        <value type="string" value="+logout"/>
        <value type="string" value="-logout-dialog"/>
      </property>
      <property name="button-title" type="uint" value="3"/>
      <property name="custom-title" type="string" value="(o}"/>
    </property>
    <property name="plugin-11" type="string" value="showdesktop"/>
    <property name="plugin-12" type="string" value="separator"/>
    <property name="plugin-13" type="string" value="launcher">
      <property name="items" type="array">
        <value type="string" value="17659081731.desktop"/>
      </property>
    </property>
    <property name="plugin-14" type="string" value="launcher">
      <property name="items" type="array">
        <value type="string" value="17659081732.desktop"/>
      </property>
    </property>
    <property name="plugin-15" type="string" value="launcher">
      <property name="items" type="array">
        <value type="string" value="17659081733.desktop"/>
      </property>
    </property>
    <property name="plugin-16" type="string" value="launcher">
      <property name="items" type="array">
        <value type="string" value="17659081734.desktop"/>
      </property>
    </property>
    <property name="plugin-17" type="string" value="separator"/>
    <property name="plugin-18" type="string" value="directorymenu">
      <property name="base-directory" type="string" value="/home/void"/>
    </property>
    <property name="plugin-19" type="string" value="applicationsmenu">
      <property name="button-icon" type="string" value="void-logo-notext"/>
      <property name="show-button-title" type="bool" value="false"/>
      <property name="custom-menu" type="bool" value="false"/>
    </property>
    <property name="plugin-20" type="string" value="tasklist">
      <property name="flat-buttons" type="bool" value="false"/>
      <property name="show-handle" type="bool" value="true"/>
      <property name="show-labels" type="bool" value="true"/>
      <property name="window-scrolling" type="bool" value="false"/>
      <property name="show-wireframes" type="bool" value="false"/>
      <property name="grouping" type="bool" value="true"/>
    </property>
    <property name="plugin-23" type="string" value="separator">
      <property name="expand" type="bool" value="true"/>
      <property name="style" type="uint" value="0"/>
    </property>
    <property name="plugin-24" type="string" value="separator">
      <property name="expand" type="bool" value="false"/>
      <property name="style" type="uint" value="0"/>
    </property>
    <property name="plugin-2" type="string" value="notification-plugin"/>
    <property name="plugin-3" type="string" value="pulseaudio">
      <property name="enable-keyboard-shortcuts" type="bool" value="true"/>
    </property>
    <property name="plugin-7" type="string" value="power-manager-plugin"/>
    <property name="plugin-21" type="string" value="launcher">
      <property name="items" type="array">
        <value type="string" value="17660453241.desktop"/>
      </property>
    </property>
    <property name="plugin-22" type="string" value="separator">
      <property name="expand" type="bool" value="true"/>
      <property name="style" type="uint" value="0"/>
    </property>
  </property>
</channel>
