<?xml version="1.1" encoding="UTF-8"?>

<channel name="xfce4-desktop" version="1.0">
  <property name="last-settings-migration-version" type="uint" value="1"/>
  <property name="backdrop" type="empty">
    <property name="screen0" type="empty">
      <property name="monitoreDP-1" type="empty">
        <property name="workspace0" type="empty">
          <property name="last-image" type="string" value="/usr/share/backgrounds/xfce/xfce-blue.jpg"/>
        </property>
      </property>
    </property>
  </property>
  <property name="desktop-icons" type="empty">
    <property name="use-custom-font-size" type="bool" value="false"/>
    <property name="use-custom-label-text-color" type="bool" value="false"/>
    <property name="use-custom-label-background-color" type="bool" value="true"/>
    <property name="show-tooltips" type="bool" value="false"/>
    <property name="single-click" type="bool" value="false"/>
    <property name="single-click-underline-hover" type="bool" value="false"/>
    <property name="show-hidden-files" type="bool" value="false"/>
    <property name="show-thumbnails" type="bool" value="true"/>
  </property>
  <property name="desktop-menu" type="empty">
    <property name="show-delete" type="bool" value="true"/>
  </property>
  <property name="last" type="empty">
    <property name="window-width" type="int" value="672"/>
    <property name="window-height" type="int" value="547"/>
  </property>
</channel>
