<?xml version="1.1" encoding="UTF-8"?>

<channel name="xfce4-power-manager" version="1.0">
  <property name="xfce4-power-manager" type="empty">
    <property name="brightness-switch-restore-on-exit" type="int" value="1"/>
    <property name="brightness-switch" type="int" value="0"/>
    <property name="lock-screen-suspend-hibernate" type="bool" value="false"/>
    <property name="show-tray-icon" type="bool" value="false"/>
    <property name="lid-action-on-ac" type="uint" value="4"/>
    <property name="lid-action-on-battery" type="uint" value="4"/>
  </property>
</channel>
