<?xml version="1.1" encoding="UTF-8"?>

<channel name="xfce4-taskmanager" version="1.0">
  <property name="interface" type="empty">
    <property name="show-all-processes" type="bool" value="false"/>
    <property name="show-application-icons" type="bool" value="false"/>
    <property name="full-command-line" type="bool" value="false"/>
    <property name="process-tree" type="bool" value="true"/>
    <property name="show-legend" type="bool" value="true"/>
    <property name="more-precision" type="bool" value="false"/>
  </property>
  <property name="show-status-icon" type="bool" value="false"/>
  <property name="columns" type="empty">
    <property name="column-ppid" type="bool" value="false"/>
    <property name="column-state" type="bool" value="false"/>
    <property name="column-vsz" type="bool" value="false"/>
    <property name="column-group-vsz" type="bool" value="false"/>
    <property name="column-uid" type="bool" value="false"/>
    <property name="column-priority" type="bool" value="false"/>
  </property>
  <property name="window-maximized" type="bool" value="false"/>
  <property name="window-width" type="int" value="1351"/>
  <property name="window-height" type="int" value="682"/>
</channel>
